age;genre;poids;taille;ventre;hanche;epaule;chaussures;locomotion;sport
28;Masculin;60,5;176;72;79;44;42;Pieds ou Vélo;OUI
28;Féminin;66,4;159;81;106;43.8;39;Voiture ou Moto;NON
32;Féminin;80,1;166;92;107.2;46;39;Voiture ou Moto;NON
23;Masculin;56,15;173.8;67;90.5;52;41;Pieds ou Vélo;OUI
7;Féminin;22;125;56;63;30;33;Pieds ou Vélo;OUI
10;Féminin;32,45;132;65;77.5;34;35;Pieds ou Vélo;OUI
18;Masculin;49,8;158;68.5;87.8;44.3;44;Pieds ou Vélo;OUI
21;Masculin;61,55;170;75.8;94;46.5;52;Pieds ou Vélo;OUI
20;Masculin;71,1;170.5;83.2;97.2;44.5;40;Pieds ou Vélo;OUI
13;Masculin;34,1;142.5;61.4;76;37.5;39;Pieds ou Vélo;OUI
16;Masculin;51,11;161;68;89.5;44.5;43;Pieds ou Vélo;NON
23;Masculin;61,65;163.8;74.6;96.4;46;45;Voiture ou Moto;OUI
13;Masculin;28,25;136.5;60.7;70.7;37.5;37;Pieds ou Vélo;OUI
34;Masculin;68,6;166;84.2;99.7;44.8;42;Voiture ou Moto;OUI
9;Masculin;25,55;127;58.5;66.8;34;36;Voiture ou Moto;OUI
11;Masculin;30,05;133.4;63;71.3;38.5;39;Voiture ou Moto;OUI
13;Féminin;56,6;145;75;97;41;39;Pieds ou Vélo;OUI
15;Féminin;43,35;150;72;89.4;39;39;Pieds ou Vélo;OUI
15;Féminin;46,05;151;74.4;90.5;42;38;Pieds ou Vélo;OUI
8;Masculin;20,75;115;57;63.5;30;28;Pieds ou Vélo;OUI
42;Féminin;79,3;161;96.5;113.3;44;38;Voiture ou Moto;OUI
13;Féminin;48,45;153;73.8;95.1;41;39;Pieds ou Vélo;OUI
11;Féminin;41,6;157;63.5;86.2;38.5;38;Pieds ou Vélo;OUI
25;Masculin;59,25;172;73;91;44.5;42;Pieds ou Vélo;OUI
15;Masculin;57,5;164;74;89.9;43.8;44;Pieds ou Vélo;OUI
23;Masculin;84,6;181;87.4;109;51;44;Pieds ou Vélo;OUI
15;Masculin;42,2;153;69.3;69.3;38.5;41;Pieds ou Vélo;OUI
15;Masculin;53;162.5;72.5;93;47;41;Pieds ou Vélo;OUI
30;Masculin;60,5;164;76.7;93.8;49.5;43;Pieds ou Vélo;OUI
35;Masculin;60;173;79.2;91;42.5;42;Voiture ou Moto;NON
22;Féminin;49,5;161;68.3;92;37.5;38;Voiture ou Moto;NON
15;Féminin;44,9;158;66;83;40;37;Pieds ou Vélo;OUI
16;Féminin;47,75;161;69.5;69.5;40;41;Pieds ou Vélo;OUI
16;Féminin;38,25;150;64.4;79.4;32.8;37;Voiture ou Moto;NON
10;Masculin;28,4;132.3;59.8;66.3;36;33;Pieds ou Vélo;OUI
9;Masculin;23,3;127;53.04;65.5;33;29;Pieds ou Vélo;OUI
24;Féminin;4,8;160;65;82;42;37;Pieds ou Vélo;NON
18;Masculin;52,4;171;70.5;88.3;45;42;Pieds ou Vélo;OUI
19;Masculin;61,35;173;72;92;43;43;Pieds ou Vélo;OUI
23;Féminin;59,95;171.8;74;94.9;46.8;41;Voiture ou Moto;OUI
18;Masculin;60,45;163;75.2;94.5;41;42;Pieds ou Vélo;OUI
17;Masculin;54,25;158;75.6;91.2;44;44;Pieds ou Vélo;OUI
21;Masculin;43,9;162;66.5;81.2;44;42;Pieds ou Vélo;OUI
18;Masculin;61,1;167.5;76.8;94.8;42.3;44;Pieds ou Vélo;NON
17;Masculin;69,45;177;75.5;96;48;44;Pieds ou Vélo;OUI
11;Féminin;62,7;165.5;81.3;99;41;40;Voiture ou Moto;NON
17;Masculin;57,3;164;72.4;93.5;44.5;42;Pieds ou Vélo;OUI
18;Féminin;53,65;156;72.9;92.9;40;41;Pieds ou Vélo;OUI
23;Masculin;67,15;167.5;81.3;99.8;50;43;Voiture ou Moto;OUI
15;Masculin;48,08;161;68.3;85;40;41;Pieds ou Vélo;OUI
11;Masculin;36,45;138.5;66.5;81;37.5;39;Voiture ou Moto;OUI
6;Masculin;23,1;119;57.5;68;31;33;Voiture ou Moto;OUI
32;Féminin;64,3;162;82.5;106.3;38;38;Voiture ou Moto;NON
23;Masculin;60,8;174.5;74.4;91.8;42;43;Pieds ou Vélo;NON
19;Masculin;60,6;176;72;92;44.5;42;Pieds ou Vélo;NON
55;Masculin;93,05;165.5;107.3;113.6;51;42;Pieds ou Vélo;OUI
29;Féminin;58,6;168;78.5;96.5;43;40;Pieds ou Vélo;NON
22;Masculin;62,65;171;81;97.5;46;43;Voiture ou Moto;NON
20;Féminin;59,5;164.2;80;102;41;40;Pieds ou Vélo;OUI
19;Masculin;52,95;163;72;90.7;42;40;Pieds ou Vélo;OUI
32;Masculin;57,9;158.5;78.1;93.6;39.5;42;Pieds ou Vélo;OUI
12;Masculin;26,45;131;59.5;71;34;37;Voiture ou Moto;OUI
9;Masculin;24,8;121;57;66.8;30;34;Pieds ou Vélo;OUI
32;Féminin;75,2;161;93;101;52;41;Voiture ou Moto;NON
13;Masculin;34,1;139.3;64;77;36;35;Pieds ou Vélo;OUI
10;Masculin;24,55;128.7;60;69.5;34;31;Pieds ou Vélo;OUI
24;Masculin;53,9;168;70.50;86.50;47;44;Voiture ou Moto;NON
24;Masculin;53,9;168;70.50;86.50;47;44;Voiture ou Moto;NON
13;Masculin;34,05;143;63;70;41;42;Pieds ou Vélo;OUI
9;Masculin;30,1;134.7;59.3;74;34;34;Pieds ou Vélo;OUI
14;Masculin;27,05;133;59;65.80;32;32;Pieds ou Vélo;OUI
14;Masculin;34,2;147;61;62;38;32;Pieds ou Vélo;OUI
25;Féminin;65;152;79.8;107.5;42.5;38;Voiture ou Moto;NON
9;Féminin;30,75;137;60.50;70;37;36;Pieds ou Vélo;OUI
8;Féminin;26,1;137;60.50;62;34;34;Pieds ou Vélo;OUI
14;Féminin;48,75;150;74;91.8;40;39;Pieds ou Vélo;OUI
17;Masculin;75,65;179;77;99.50;48;41;Pieds ou Vélo;OUI
6;Féminin;40,2;128;77;80;41;32;Voiture ou Moto;NON
8;Masculin;27,2;129.7;60.5;68;30;36;Pieds ou Vélo;OUI
23;Masculin;63,75;171;73;80;46;43;Pieds ou Vélo;OUI
29;Masculin;70,95;181;77;94;51;44;Pieds ou Vélo;OUI
13;Masculin;41,35;142;70.3;86;40;39;Pieds ou Vélo;OUI
10;Féminin;50,3;139;85;89;39;32;Pieds ou Vélo;OUI
29;Masculin;66,95;168;79;89.50;45;44;Pieds ou Vélo;OUI
16;Masculin;63,15;161;77.2;95.5;43.5;41;Pieds ou Vélo;OUI
17;Masculin;52,4;166;66;80.50;46;42;Pieds ou Vélo;OUI
14;Masculin;39,7;147.5;68;79;39;39;Pieds ou Vélo;OUI
21;Féminin;43,3;156;59;71;40;39;Pieds ou Vélo;NON
16;Masculin;49,2;158;70.9;83.5;41.5;42;Pieds ou Vélo;OUI
5;Masculin;22,02;92;50;52;25;31;Pieds ou Vélo;NON
3;Masculin;12,9;109;56.5;67;29;26;Voiture ou Moto;NON
31;Féminin;114,75;162;114.5;125;46;40;Voiture ou Moto;OUI
18;Féminin;48,35;160;75.5;90;39;38;Voiture ou Moto;OUI
9;Masculin;23,55;127;56;62;34;35;Voiture ou Moto;OUI
34;Féminin;56,65;147;86;94;42;39;Voiture ou Moto;OUI
22;Masculin;62,9;163;78;92;42;41;Voiture ou Moto;NON
22;Masculin;65,85;167;76;85;43;41;Voiture ou Moto;OUI
14;Féminin;50,8;162;69.8;91.7;37;41;Pieds ou Vélo;NON
4;Féminin;14,95;97;54;56;27;27;Voiture ou Moto;NON
14;Masculin;39,15;158.5;62.2;75.8;40;40;Pieds ou Vélo;OUI
23;Masculin;61,6;170;75;84;45;45;Pieds ou Vélo;OUI
15;Masculin;44,35;157;67.5;81.3;43;40;Pieds ou Vélo;NON
20;Féminin;38,6;153;68.5;80.20;37;32;Pieds ou Vélo;NON
11;Masculin;24,1;134.5;57.5;67.3;35;36;Pieds ou Vélo;OUI
17;Masculin;53,35;172;69;88;44;43;Pieds ou Vélo;OUI
28;Féminin;53,5;150;70.50;87;39;37;Voiture ou Moto;NON
15;Masculin;46,75;158;64;84.5;40;40;Pieds ou Vélo;OUI
38;Masculin;75,5;176;83;94.5;47;45;Voiture ou Moto;OUI
13;Masculin;40,45;118.5;67.5;80.5;39;39;Pieds ou Vélo;OUI
19;Féminin;58,1;168;71;82;43;41;Pieds ou Vélo;NON
18;Masculin;58,5;165.5;75;90.9;43;41;Pieds ou Vélo;OUI
20;Féminin;56,1;162;68;77.5;43;39;Pieds ou Vélo;NON
18;Masculin;54,7;164;71;89;44;42;Pieds ou Vélo;OUI
21;Féminin;55,9;158;73;86.8;38;39;Pieds ou Vélo;NON
25;Masculin;58,1;172;65;79.5;46;44;Pieds ou Vélo;OUI
20;Masculin;57,3;168;72;83;48;40;Pieds ou Vélo;OUI
23;Féminin;69,25;164;86;93;44;40;Voiture ou Moto;NON
26;Masculin;62,8;170;74;85;47;43;Pieds ou Vélo;NON
21;Féminin;49,95;148;68;85;41;37;Voiture ou Moto;OUI
47;Masculin;50,75;161;76;90.5;38;41;Pieds ou Vélo;OUI
36;Masculin;60,8;158;78;96;43;41;Pieds ou Vélo;OUI
10;Féminin;35,6;133;65.5;76.5;37;38;Pieds ou Vélo;NON
20;Féminin;52,45;163;69;86.5;39;39;Pieds ou Vélo;OUI
19;Féminin;46,55;165;63;83.5;38;39;Voiture ou Moto;NON
15;Féminin;52,45;165;69;83;38;39;Pieds ou Vélo;OUI
20;Féminin;48,15;163;59.80;80.30;39;39;Voiture ou Moto;OUI
15;Masculin;45,5;166;64;77.50;42;40;Pieds ou Vélo;OUI
13;Masculin;45,4;161;64;77;40;40;Pieds ou Vélo;OUI
13;Masculin;34,3;144;58;72.5;40;38;Pieds ou Vélo;OUI
9;Masculin;28,45;131.5;59;69;39;32;Pieds ou Vélo;NON
22;Masculin;58,55;178;67;88;48;42;Pieds ou Vélo;OUI
19;Masculin;60,6;175;69.50;87;45;42;Voiture ou Moto;OUI
22;Masculin;59,05;176;70;92;48;43;Pieds ou Vélo;OUI
23;Masculin;53,1;170;67;85;44;41;Pieds ou Vélo;OUI
21;Féminin;75,05;162;84;103;43;39;Voiture ou Moto;NON
23;Masculin;75;176;81;99;44;44;Pieds ou Vélo;NON
26;Masculin;62,6;180;66;90;49;43;Pieds ou Vélo;OUI
23;Masculin;56,75;179;66.50;87;49;41;Pieds ou Vélo;OUI
29;Masculin;52,8;170;63;86.60;46;40;Voiture ou Moto;NON
20;Féminin;64,25;161;78;102.50;44;42;Pieds ou Vélo;OUI
23;Masculin;49,55;168;64.5;81.50;44;40;Voiture ou Moto;NON
27;Masculin;62,85;179;67;87.5;49;43;Pieds ou Vélo;OUI
19;Féminin;57,3;160;73;99;38;39;Pieds ou Vélo;OUI
23;Masculin;57,1;168;70;88.50;45;41;Voiture ou Moto;OUI
25;Féminin;69,2;159;85;99;44;40;Voiture ou Moto;NON
10;Masculin;27,55;134;52;69;35;38;Pieds ou Vélo;OUI
17;Féminin;47,55;166;66;87;42;40;Pieds ou Vélo;NON
21;Féminin;68,7;175;86;103.50;45;40;Voiture ou Moto;NON
23;Féminin;39,1;159;59;78.50;41;38;Voiture ou Moto;NON
24;Féminin;55,4;166;72;81.5;46;41;Voiture ou Moto;OUI
22;Féminin;60,7;155;72.50;102.50;40;38;Pieds ou Vélo;NON
23;Masculin;73,55;177;80;101.6;48;44;Pieds ou Vélo;NON
19;Féminin;54,6;155;75.30;91;38;40;Pieds ou Vélo;OUI
16;Masculin;48,75;164.5;67;87;42;40;Pieds ou Vélo;NON
18;Féminin;50,55;155;70;91;43;38;Pieds ou Vélo;NON
20;Féminin;55,9;160;66;95;44;38;Pieds ou Vélo;OUI
7;Masculin;26,85;130;56;65;39;38;Pieds ou Vélo;OUI
16;Masculin;50,85;165;75;84;44;40;Pieds ou Vélo;OUI
6;Féminin;19,4;120;50.50;58.70;32;30;Pieds ou Vélo;OUI
32;Masculin;82,6;166;93;111.5;47.5;43;Voiture ou Moto;NON
19;Féminin;52,35;167;66;93.80;38;39;Voiture ou Moto;OUI
18;Féminin;49,95;156;69.50;88;39;37;Pieds ou Vélo;OUI
25;Masculin;107,5;176;98.50;115.50;52;45;Voiture ou Moto;OUI
22;Masculin;58,3;166;72.1;91.3;43;42;Pieds ou Vélo;OUI
26;Masculin;60,7;184;62;87;47;43;Voiture ou Moto;OUI
22;Masculin;62,9;172;69.50;83.20;47;42;Voiture ou Moto;OUI
24;Féminin;57,75;160;68;95;42;40;Pieds ou Vélo;OUI
20;Masculin;64,75;178;116;91.5;47;45;Pieds ou Vélo;OUI
19;Masculin;58,9;170;76;94;43;42;Pieds ou Vélo;OUI
31;Masculin;65,1;171;75;93.60;46;42;Voiture ou Moto;NON
21;Masculin;49,15;169;70;78.60;43;41;Voiture ou Moto;OUI
16;Masculin;47,1;164;68;86.2;40;40;Pieds ou Vélo;OUI
15;Masculin;48,1;154;68;91;40;40;Voiture ou Moto;OUI
16;Masculin;43,1;158;65.5;80.5;41;42;Pieds ou Vélo;OUI
24;Masculin;67,3;169;76.50;88.50;44;44;Voiture ou Moto;NON
11;Masculin;39,25;145.5;67;80;29;38;Pieds ou Vélo;OUI
54;Masculin;77,5;159;97;104.5;48;43;Pieds ou Vélo;NON
10;Féminin;35,75;140;64;78.6;34;38;Pieds ou Vélo;OUI
20;Féminin;66,3;165;70;89.90;43;39;Voiture ou Moto;NON
11;Féminin;37,05;138;65.5;82.5;33.5;38;Pieds ou Vélo;OUI
35;Masculin;66,9;170;79;94;44;33;Pieds ou Vélo;OUI
23;Féminin;56,8;173;70;87;40;41;Voiture ou Moto;OUI
11;Féminin;34,4;142;66;74.2;36;39;Pieds ou Vélo;OUI
22;Masculin;65,65;176;71;89.50;48;43;Pieds ou Vélo;NON
14;Masculin;46,5;170;65;84.5;40;42;Pieds ou Vélo;OUI
13;Masculin;43,05;157;65.5;80.5;40;42;Pieds ou Vélo;OUI
34;Masculin;87,85;174.5;96;111.6;50;44;Voiture ou Moto;NON
23;Masculin;58,65;159;77;91.5;44;44;Pieds ou Vélo;NON
21;Féminin;45,05;153;69;88.8;37;39;Pieds ou Vélo;OUI
41;Masculin;64;175;83;91;41;42;Voiture ou Moto;OUI
16;Masculin;51,75;165;73;86;44;42;Pieds ou Vélo;OUI
34;Masculin;60,54;172;79;91;53;42;Voiture ou Moto;OUI
14;Masculin;32,75;146;59;69;41;38;Pieds ou Vélo;NON
18;Féminin;55,15;168;71.20;90;43;40;Voiture ou Moto;OUI
16;Masculin;74,7;181;82.5;101;46;45;Pieds ou Vélo;NON
28;Masculin;80,75;178;94;99;52;44;Voiture ou Moto;OUI
36;Masculin;77;167;92;108;44;42;Voiture ou Moto;NON
23;Masculin;71,35;180;76.5;96.4;45;43;Pieds ou Vélo;NON
22;Féminin;51,7;161;66;92.5;40;39;Pieds ou Vélo;OUI
24;Masculin;66,4;181;76.5;97.5;48;44;Voiture ou Moto;OUI
23;Masculin;63,63;170.5;77.5;94.5;47;43;Voiture ou Moto;OUI
18;Masculin;57,95;172.5;71.5;90.7;46;42;Pieds ou Vélo;NON
17;Masculin;48,7;170;68.55;87;44.5;42;Pieds ou Vélo;OUI
21;Masculin;71,9;177.5;81;103;44;43;Voiture ou Moto;OUI
21;Masculin;67,3;173;77;99;44;44;Pieds ou Vélo;OUI
30;Masculin;92;193;94;107;47.5;47;Voiture ou Moto;NON
27;Masculin;91,3;175;99.5;114;52;45;Voiture ou Moto;OUI
24;Masculin;66,25;181;77;95.5;49;44;Voiture ou Moto;OUI
17;Masculin;55;172;75;91;44;44;Pieds ou Vélo;OUI
33;Masculin;78,9;186;88;106.5;45.5;45;Pieds ou Vélo;OUI
30;Masculin;73,05;175;84;104.5;44;44;Voiture ou Moto;NON
30;Masculin;56,05;175;71;89;45;43;Voiture ou Moto;NON
27;Masculin;51,95;172;68.5;93;44;42;Voiture ou Moto;OUI
11;Féminin;40,9;153;73;86;40;40;Voiture ou Moto;OUI
25;Masculin;92,9;177;99.3;113;52;45;Voiture ou Moto;NON
22;Masculin;59,45;174.5;75;95;43;42;Pieds ou Vélo;OUI
14;Masculin;40,1;151.5;66;76;39;40;Pieds ou Vélo;OUI
18;Masculin;58,65;159;76.5;94.5;45;42;Pieds ou Vélo;OUI
23;Féminin;49,5;166;66.5;89.5;40;42;Voiture ou Moto;OUI
21;Féminin;93,2;167;96;113.5;42;42;Voiture ou Moto;NON
18;Masculin;54,25;166;69.5;90.5;44;43;Pieds ou Vélo;OUI
22;Masculin;77,85;185;84.5;95.8;47;45;Pieds ou Vélo;NON
21;Masculin;66,8;171;79.5;98;43;44;Voiture ou Moto;OUI
14;Masculin;57,65;169;76;92;39;40;Pieds ou Vélo;OUI
14;Masculin;33;144;61.5;75;36;38;Pieds ou Vélo;NON
16;Masculin;49,55;170;69;87;41.5;42;Pieds ou Vélo;OUI
23;Féminin;47;168;69.1;84.8;39;40;Pieds ou Vélo;OUI
19;Féminin;61,1;156;73;87.5;40;40;Pieds ou Vélo;NON
21;Féminin;53,5;171;71.5;90;36;40;Pieds ou Vélo;OUI
20;Masculin;54,15;160;73;90.6;47;39;Pieds ou Vélo;OUI
11;Masculin;32,85;147;60.5;77;37;38;Pieds ou Vélo;OUI
16;Masculin;43,8;152;69.8;81.4;41.5;39;Pieds ou Vélo;OUI
16;Masculin;51,6;171;68.5;89.5;42;41;Pieds ou Vélo;OUI
17;Masculin;64,4;171.5;73.5;102.5;39.5;43;Pieds ou Vélo;OUI
16;Masculin;54,5;162.5;70;92;41;42;Pieds ou Vélo;OUI
19;Féminin;55,95;158;72;92;40;39;Voiture ou Moto;OUI
26;Masculin;67,45;168;81.5;102;46;41;Voiture ou Moto;OUI
16;Masculin;56;172;71.5;92;43;42;Pieds ou Vélo;OUI
17;Masculin;46,9;157.5;67.5;86.8;41;41;Pieds ou Vélo;OUI
14;Masculin;38,85;157;65.5;78;36;41;Pieds ou Vélo;OUI
19;Féminin;52,6;160.5;73;92.3;28;39;Pieds ou Vélo;NON
21;Masculin;69,45;164;80.5;101.5;48;43;Voiture ou Moto;OUI
37;Masculin;65,9;160;87;102;45;41;Voiture ou Moto;NON
37;Masculin;84,48;173;90.5;107;51.5;46;Voiture ou Moto;OUI
35;Masculin;89,2;170.5;99;112;49;48;Voiture ou Moto;NON
36;Masculin;57,55;168;75.5;94.30;45;40;Voiture ou Moto;NON
44;Masculin;65,1;180;74;100;46;44;Voiture ou Moto;OUI
14;Masculin;46,8;171;66;80;39;43;Pieds ou Vélo;OUI
15;Masculin;57,9;171;84;90.5;45;47;Pieds ou Vélo;OUI
14;Masculin;42,9;160.3;65.5;82;41;42;Pieds ou Vélo;OUI
16;Masculin;48,75;163;70;87;40;40;Pieds ou Vélo;OUI
15;Masculin;48,05;163.5;66;88;41;43;Pieds ou Vélo;OUI
14;Masculin;59;171;69;94;43;45;Pieds ou Vélo;NON
15;Féminin;52,9;164;67;89.5;47;40;Pieds ou Vélo;NON
26;Masculin;68;175.5;77;98;47;45;Pieds ou Vélo;OUI
22;Féminin;44;153;62.5;80;41;39;Voiture ou Moto;NON
13;Masculin;50,8;148;74;89.5;41;45;Pieds ou Vélo;OUI
13;Masculin;43;152;69;84;35;40;Pieds ou Vélo;OUI
13;Féminin;42,45;150;63.5;85.5;34.5;39;Voiture ou Moto;OUI
14;Féminin;54,65;152;73.5;97;39;39;Voiture ou Moto;OUI
35;Féminin;72,55;175.5;81;101;45;42;Voiture ou Moto;NON
24;Masculin;60;169;72;91;44;41;Pieds ou Vélo;OUI
30;Masculin;81;166;96;109;47;44;Voiture ou Moto;OUI
24;Masculin;63,3;170;74;92;44;43;Voiture ou Moto;OUI
40;Masculin;77,2;160;108;104.5;43.5;40;Voiture ou Moto;OUI
28;Masculin;56,85;181;71.9;87.8;43;42;Voiture ou Moto;OUI
20;Féminin;39,9;152;66;76.5;40;38;Voiture ou Moto;NON
33;Masculin;66,66;169.5;81.5;93.5;46;43;Pieds ou Vélo;OUI
20;Masculin;73,73;180;81;104;47.5;44;Pieds ou Vélo;OUI
20;Masculin;61,15;161;81.3;94.5;44;45;Voiture ou Moto;OUI
12;Masculin;40;162;72.5;76.4;39;40;Pieds ou Vélo;NON
13;Féminin;47,7;164.5;74.5;87;38;40;Pieds ou Vélo;NON
13;Féminin;50,45;163.5;70;91.8;38;41;Pieds ou Vélo;OUI
60;Féminin;58,5;162;81.5;101.3;41;39;Voiture ou Moto;OUI
20;Masculin;50,3;183;69;87;46;44;Pieds ou Vélo;OUI
8;Féminin;20,65;125.5;60.5;64.5;30;30;Pieds ou Vélo;OUI
6;Masculin;16,5;113.5;51.5;61;29;28;Pieds ou Vélo;OUI
10;Féminin;26;134.5;55.5;68;33;35;Pieds ou Vélo;OUI
5;Masculin;18,5;107.5;57;63.5;29.5;33;Pieds ou Vélo;OUI
14;Masculin;65,3;156;95.5;99.3;43;42;Voiture ou Moto;NON
19;Masculin;56,75;168.5;68.5;94;43;42;Voiture ou Moto;OUI
19;Masculin;50,5;166;62.80;76.30;46;40;Pieds ou Vélo;OUI
19;Féminin;44,05;159;65.60;79.50;45;39;Pieds ou Vélo;OUI
19;Masculin;57,1;170;72;89.5;44.5;41;Voiture ou Moto;OUI
20;Masculin;57,1;170;72.40;83;50;41;Pieds ou Vélo;NON
15;Masculin;49;164.5;67.5;85;40;41;Pieds ou Vélo;OUI
12;Masculin;30,35;137;63;76;34.5;35;Pieds ou Vélo;NON
22;Masculin;54,25;156;68;85.30;48;42;Pieds ou Vélo;NON
19;Masculin;70,2;174;74.50;94.90;54;45;Pieds ou Vélo;OUI
26;Masculin;65,25;182;69.40;88.20;51;44;Pieds ou Vélo;OUI
20;Féminin;49,95;155;68;92.50;41;39;Pieds ou Vélo;OUI
10;Masculin;31,85;144;55.30;72.60;36;39;Voiture ou Moto;NON
18;Masculin;59,45;176;68.30;86.30;43;45;Pieds ou Vélo;NON
32;Féminin;66,9;152;84.5;113;44;38;Voiture ou Moto;OUI
18;Féminin;53,05;162;63.30;48;44;39;Voiture ou Moto;NON
19;Féminin;51,6;164;74.5;91.5;40;39;Pieds ou Vélo;OUI
22;Masculin;58,75;160;77.20;87.60;45;43;Pieds ou Vélo;OUI
21;Masculin;68,9;180;76;92;51;45;Voiture ou Moto;OUI
13;Masculin;46,8;149;77.5;86;39;37;Pieds ou Vélo;OUI
23;Masculin;56,7;177;70.20;88.20;47;43;Pieds ou Vélo;OUI
30;Masculin;67,65;172;76.80;94.80;47;43;Pieds ou Vélo;OUI
41;Masculin;96,3;172;90.40;102.80;48.50;44;Pieds ou Vélo;NON
8;Masculin;27,6;137;61;70;36;35;Pieds ou Vélo;OUI
22;Masculin;46,6;168;62.30;82.40;46;42;Pieds ou Vélo;OUI
1;Masculin;11,8;84.5;52.8;55.2;22;25;Pieds ou Vélo;OUI
23;Féminin;56,05;167;66.30;88.50;45;39;Pieds ou Vélo;NON
22;Masculin;53,4;175;63.40;75;49;40;Pieds ou Vélo;NON
40;Féminin;77,75;170;77.5;111.3;41;41;Pieds ou Vélo;OUI
27;Masculin;51,7;172;64;83.20;44;44;Voiture ou Moto;NON
23;Féminin;51;164;68.20;86.40;45;38;Pieds ou Vélo;NON
23;Masculin;50,25;171;64.30;82.80;45;30;Pieds ou Vélo;NON
17;Féminin;65,75;161;86.5;105.5;41;40;Pieds ou Vélo;NON
22;Masculin;65,9;180;70;89.50;48;43;Voiture ou Moto;NON
11;Masculin;27,5;128;59;70;37;38;Pieds ou Vélo;OUI
27;Masculin;62,6;169;65.40;87.40;47;45;Voiture ou Moto;OUI
25;Masculin;60,25;167;75.20;91.80;43.50;41;Pieds ou Vélo;NON
22;Masculin;45,7;156;64;77.50;46;36;Pieds ou Vélo;OUI
23;Masculin;43,7;159;61.80;78.20;41;41;Pieds ou Vélo;OUI
22;Masculin;66,75;181;72.50;91.70;45.5;43;Pieds ou Vélo;OUI
23;Masculin;60,65;178;64.50;82;44;44;Pieds ou Vélo;OUI
24;Masculin;53,6;173;63;80;47;44;Pieds ou Vélo;OUI
23;Masculin;61,65;176;73.60;92.30;49;43;Pieds ou Vélo;NON
23;Masculin;57,75;170;67.60;89;44.50;43;Pieds ou Vélo;NON
24;Féminin;64,75;169;66.80;86.60;45;41;Pieds ou Vélo;NON
19;Masculin;54,25;167;67.10;84.10;43;43;Pieds ou Vélo;OUI
12;Masculin;52,1;158;65;86;43;39;Pieds ou Vélo;OUI
12;Féminin;32,55;140;52;68.80;38;38;Pieds ou Vélo;OUI
9;Masculin;30,65;134;55.50;69.50;38;32;Pieds ou Vélo;OUI
25;Masculin;51,25;161;66.50;82;44;41;Pieds ou Vélo;OUI
16;Masculin;57,15;169;68;89.20;47;42;Pieds ou Vélo;OUI
28;Masculin;60,3;171;63.30;91.40;46;42;Pieds ou Vélo;OUI
19;Féminin;41,9;150;59.50;78.60;41;38;Pieds ou Vélo;NON
16;Féminin;65,8;163;69.60;105;46;42;Pieds ou Vélo;NON
24;Féminin;53,75;150;73.30;90.70;43;38;Pieds ou Vélo;NON
19;Féminin;69,9;170;80.80;97;47;40;Pieds ou Vélo;NON
32;Féminin;61;158;80.60;99;41;40;Voiture ou Moto;NON
20;Masculin;55,55;168;66;84.70;45;45;Pieds ou Vélo;OUI
19;Masculin;72,55;179.53;82;97;47.50;43;Pieds ou Vélo;NON
22;Masculin;58,85;174;71.80;87.50;45;40;Pieds ou Vélo;NON
19;Masculin;62,2;164;74;86.50;50;42;Pieds ou Vélo;OUI
22;Masculin;65,35;174;79;95.5;46;42;Voiture ou Moto;NON
22;Masculin;51,35;164;62.20;78.80;46;41;Pieds ou Vélo;NON
20;Féminin;47,9;153;67.50;81.50;42;39;Pieds ou Vélo;NON
21;Masculin;92,4;182;87.50;106.60;51;45;Voiture ou Moto;NON
19;Masculin;46,3;149;67.20;80.50;45;37;Pieds ou Vélo;NON
19;Masculin;64,3;180;68;85;47;43;Pieds ou Vélo;NON
27;Masculin;65,7;195;78;97;44;44;Voiture ou Moto;NON
22;Féminin;55,5;165;66.50;80;43;41;Pieds ou Vélo;NON
23;Masculin;77,65;180;78.40;93.20;50;44;Voiture ou Moto;OUI
24;Masculin;53,3;160;66.30;85.40;47;43;Pieds ou Vélo;NON
16;Masculin;46,65;170;61.70;81.60;43;42;Pieds ou Vélo;OUI
21;Masculin;67,65;170;74;92.50;52;42;Pieds ou Vélo;NON
16;Masculin;48,45;171;63;80.40;42;33;Pieds ou Vélo;OUI
31;Masculin;53,5;166;64;83.60;44;44;Voiture ou Moto;NON
26;Masculin;80,95;185;86.50;102;51;45;Pieds ou Vélo;NON
5;Féminin;20,15;115;56.9;63;31;32;Voiture ou Moto;OUI
9;Féminin;29,1;127;64;76;34;35;Pieds ou Vélo;OUI
9;Féminin;21,85;120.5;56;63;28;27;Pieds ou Vélo;OUI
12;Masculin;30;138;61;68;38;37;Pieds ou Vélo;OUI
19;Féminin;54,45;164;63;87.70;44;39;Pieds ou Vélo;NON
19;Masculin;59,3;168;67.80;87;48;45;Pieds ou Vélo;NON
12;Masculin;26,6;132.5;60;71;35;38;Voiture ou Moto;OUI
19;Masculin;71,95;187;71.50;93;50;45;Pieds ou Vélo;OUI
29;Féminin;72,15;160;97;111;39;39;Voiture ou Moto;NON
11;Féminin;41,7;159.5;65.5;85;35;39;Pieds ou Vélo;OUI
17;Masculin;58,15;168;65.50;83.70;49;42;Pieds ou Vélo;NON
18;Féminin;44,8;158;64.60;83;42;37;Voiture ou Moto;OUI
10;Féminin;40;160;63;79;40;41;Pieds ou Vélo;OUI
18;Féminin;66,9;153;81;95.40;44;38;Pieds ou Vélo;OUI
17;Féminin;53,65;166;63;94;46;40;Voiture ou Moto;OUI
18;Féminin;83;158;90;117.50;51;39;Pieds ou Vélo;NON
18;Masculin;67,05;174;76.30;94.70;49;45;Pieds ou Vélo;OUI
29;Masculin;76,55;176;78;96;54;42;Pieds ou Vélo;OUI
23;Masculin;52,85;165;66.50;83.80;48;42;Pieds ou Vélo;NON
7;Féminin;26,95;131.5;58;69.5;34;35;Voiture ou Moto;OUI
24;Masculin;63,85;164;71.80;87.40;52;43;Pieds ou Vélo;OUI
17;Masculin;63,65;169;73.20;88.70;49;42;Pieds ou Vélo;OUI
22;Masculin;69,16;176;77.70;95.30;49;44;Pieds ou Vélo;NON
8;Masculin;26,95;130;59;71.8;32;36;Pieds ou Vélo;OUI
20;Masculin;51,65;161;62.50;85.90;47;42;Pieds ou Vélo;OUI
25;Féminin;57,5;170;68.70;97;47;38;Voiture ou Moto;NON
9;Féminin;32;142.5;64;76;36;37;Pieds ou Vélo;OUI
36;Masculin;68,45;185;68;90.50;44;42;Voiture ou Moto;NON
20;Masculin;51,65;161;62.50;85.90;47;42;Pieds ou Vélo;OUI
20;Masculin;52,25;147;64.50;83;47;43;Pieds ou Vélo;OUI
29;Masculin;66,65;160;82;96.50;51;42;Voiture ou Moto;OUI
18;Féminin;40,5;150;61;74;42;37;Pieds ou Vélo;OUI
13;Masculin;40;147;63;75;46;40;Pieds ou Vélo;OUI
8;Masculin;24,15;126;54;61.50;36;30;Pieds ou Vélo;OUI
11;Masculin;29,15;142;57;68.70;39;34;Pieds ou Vélo;NON
8;Féminin;24,05;126;65;63;34;33;Pieds ou Vélo;NON
7;Masculin;32,15;137;60;69.50;37;38;Pieds ou Vélo;NON
11;Masculin;48,75;145;75;86;40;40;Pieds ou Vélo;NON
8;Masculin;22,4;117;53;60.50;34;31;Pieds ou Vélo;NON
14;Masculin;36,55;162;61.70;71;39;39;Pieds ou Vélo;NON
5;Masculin;17,75;107;48.50;52;31;28;Pieds ou Vélo;NON
12;Féminin;66,3;157;76;92.10;45;42;Voiture ou Moto;OUI
7;Féminin;18,6;114;50;52;28;30;Pieds ou Vélo;NON
27;Masculin;58,5;160;69.50;89;46;41;Voiture ou Moto;NON
14;Féminin;44,65;157;63;81;41;37;Pieds ou Vélo;OUI
33;Féminin;94,2;157;114;122;50;40;Pieds ou Vélo;OUI
20;Masculin;50,25;168;67.50;84;46;45;Voiture ou Moto;OUI
23;Masculin;55,64;160;72.50;83;45;41;Pieds ou Vélo;NON
16;Féminin;35;153;60;79;39;39;Pieds ou Vélo;OUI
27;Masculin;68,1;170;78.50;99.50;41;41;Voiture ou Moto;NON
9;Féminin;30,95;137;56.50;69;37;36;Pieds ou Vélo;NON
16;Féminin;53,7;159;73;93.40;43;35;Pieds ou Vélo;NON
11;Féminin;33,6;146;65.5;75.5;37;38;Pieds ou Vélo;OUI
9;Féminin;37,1;135;64.40;81;37;37;Voiture ou Moto;NON
13;Masculin;50,65;157;71;88;40;41;Voiture ou Moto;NON
25;Masculin;53;160;71;79;43;33;Pieds ou Vélo;NON
13;Féminin;27,85;134;59;72;35;38;Pieds ou Vélo;OUI
24;Masculin;54;167;69;87;45;40;Voiture ou Moto;NON
15;Masculin;48,1;162;66;82;42;42;Pieds ou Vélo;NON
8;Masculin;24,05;124;57;62.50;38;37;Voiture ou Moto;NON
5;Masculin;14,15;108;45;49;30;29;Voiture ou Moto;NON
12;Masculin;29,66;159.5;59.2;72.9;34;38;Pieds ou Vélo;OUI
16;Masculin;69,65;163;74;87.50;52;43;Pieds ou Vélo;NON
15;Masculin;45,7;160;63;76.70;42;42;Pieds ou Vélo;OUI
21;Féminin;55,55;160;71;104;43;40;Pieds ou Vélo;OUI
24;Masculin;54,5;162.5;72.5;90;39;42;Pieds ou Vélo;OUI
12;Féminin;40,9;157;65.5;87;36;37;Pieds ou Vélo;OUI
10;Masculin;27,55;137;59.5;68.5;32.5;36;Voiture ou Moto;OUI
14;Féminin;51,1;153;71.8;90;40;41;Pieds ou Vélo;NON
14;Féminin;41,25;156;58;86.4;37.5;39;Pieds ou Vélo;NON
17;Féminin;44,9;158;61;86.5;36;39;Pieds ou Vélo;OUI
9;Masculin;29,9;136.5;61.5;73;34;36;Pieds ou Vélo;OUI
27;Masculin;70;187;84.9;105;51;47;Voiture ou Moto;OUI
23;Masculin;61,45;172;77.5;93;44.5;42;Pieds ou Vélo;OUI
9;Féminin;27,85;136;61.5;70;33;33;Pieds ou Vélo;NON
11;Masculin;29,4;144;57;73;36;38;Pieds ou Vélo;OUI
3;Féminin;12,85;98;49;52;26;25;Pieds ou Vélo;OUI
36;Masculin;100,25;168;116;121;55;42;Voiture ou Moto;NON
14;Féminin;57,8;148;81;100;40;40;Voiture ou Moto;OUI
10;Féminin;36,75;144;66;79;35;36;Pieds ou Vélo;OUI
13;Féminin;46,6;168;68;80;41;38;Voiture ou Moto;OUI
10;Féminin;32,65;140;63;75;35;36;Pieds ou Vélo;OUI
13;Masculin;48,7;170.5;77;78;46;45;Pieds ou Vélo;OUI
10;Féminin;30,25;140.5;58;72;38;36;Pieds ou Vélo;OUI
10;Féminin;29,75;140;56;72;38;38;Voiture ou Moto;OUI
11;Masculin;30,95;145;58;72;35;37;Pieds ou Vélo;OUI
14;Féminin;42,95;153;66;89;44;39;Pieds ou Vélo;OUI
18;Féminin;66,3;164;61;109;41;38;Voiture ou Moto;OUI
5;Féminin;19,5;117;53;63;33;32;Pieds ou Vélo;OUI
10;Masculin;33,25;141;59;78;40;38;Pieds ou Vélo;OUI
39;Féminin;55,95;160;81;97;39;39;Pieds ou Vélo;OUI
17;Féminin;59,85;168;76;100;42;42;Pieds ou Vélo;NON
11;Masculin;27,25;141;59;67;38;38;Pieds ou Vélo;OUI
11;Masculin;25,6;136;55;64;37;35;Pieds ou Vélo;OUI
11;Féminin;28,65;146;60;74;32;37;Pieds ou Vélo;OUI
9;Féminin;22;128;55;66;33;35;Pieds ou Vélo;OUI
19;Masculin;55,6;172;71;91;45;45;Pieds ou Vélo;NON
15;Féminin;52,5;156;73;93;44;37;Voiture ou Moto;NON
15;Masculin;44,1;164;63;80;45;41;Pieds ou Vélo;OUI
28;Masculin;50,65;168.5;70;85;44;47;Pieds ou Vélo;OUI
22;Masculin;51,7;166.5;72.5;86;46;40;Pieds ou Vélo;OUI
33;Masculin;76;180;84;103;49.5;44;Voiture ou Moto;OUI
42;Féminin;72,5;158;96;113;43;38;Voiture ou Moto;NON
21;Féminin;59,9;162.5;77;96;49;39;Voiture ou Moto;NON
21;Féminin;50,6;144;75;94;43;36;Pieds ou Vélo;OUI
23;Féminin;60,8;163;76;101;44;39;Voiture ou Moto;NON
17;Féminin;49;161;68;92;41;39;Pieds ou Vélo;OUI
15;Féminin;35,4;141;61;82;32;38;Pieds ou Vélo;OUI
14;Féminin;47,8;151;68;92;41;38;Pieds ou Vélo;OUI
15;Féminin;67,85;160;83;107;45;40;Pieds ou Vélo;OUI
20;Féminin;55,4;158;72;104.5;45;39;Pieds ou Vélo;OUI
21;Masculin;73,8;166.5;83;102;48;42;Pieds ou Vélo;OUI
13;Masculin;29,85;130;62;74;36;32;Pieds ou Vélo;OUI
11;Masculin;30,45;143.5;59;70;35.5;36;Pieds ou Vélo;OUI
11;Masculin;31,25;141.5;62;74.5;33.5;38;Pieds ou Vélo;OUI
15;Masculin;49,85;160;70;80;42;40;Pieds ou Vélo;OUI
19;Féminin;65,6;165.5;81;98;48;40;Pieds ou Vélo;NON
17;Féminin;35,15;54.5;70;89;38;38;Pieds ou Vélo;OUI
15;Féminin;47,25;154.5;69;91;41.5;40;Pieds ou Vélo;OUI
18;Féminin;38,35;162;59;80;38;38;Pieds ou Vélo;OUI
19;Féminin;55,45;152;78;88;37;37;Pieds ou Vélo;NON
18;Féminin;64,55;172;71.5;107.5;39;40;Pieds ou Vélo;NON
19;Masculin;49,15;165.5;73;92.5;41;41;Voiture ou Moto;NON
20;Féminin;75,75;163;88;114;43;39;Pieds ou Vélo;NON
18;Féminin;54,25;165.5;66.5;94;43;42;Pieds ou Vélo;NON
23;Féminin;56,4;170.5;74;99.5;47;40;Pieds ou Vélo;OUI
12;Féminin;35,3;157;59;80;32;38;Pieds ou Vélo;OUI
13;Féminin;30,3;144;59;73;36;37;Pieds ou Vélo;OUI
12;Féminin;49,2;160.5;71.5;89;40;37;Pieds ou Vélo;OUI
10;Féminin;28,8;129;64;75.5;37;34;Pieds ou Vélo;OUI
10;Féminin;30,6;141;63;77;34;38;Pieds ou Vélo;OUI
12;Masculin;28,8;144.5;59;70;36;37;Pieds ou Vélo;OUI
13;Masculin;28,65;138;55;71;34.5;37;Pieds ou Vélo;OUI
13;Masculin;32,45;143;62;75.5;36;35;Pieds ou Vélo;OUI
14;Masculin;44,85;159;64.5;81;38;40;Pieds ou Vélo;OUI
18;Féminin;52,3;157;73;77;39;38;Voiture ou Moto;NON
18;Féminin;49,9;170;70.8;88;41;39;Pieds ou Vélo;OUI
40;Féminin;85,3;157;105;114;45;40;Voiture ou Moto;NON
19;Masculin;50,45;164;70;86.8;41;42;Pieds ou Vélo;OUI
21;Masculin;57,1;173;73;89.5;45;42;Voiture ou Moto;OUI
14;Féminin;61,8;160.5;82;103.5;39;40;Pieds ou Vélo;OUI
19;Féminin;51,6;156;71;92;41;41;Pieds ou Vélo;NON
15;Féminin;48,05;155;68;90.2;40;38;Pieds ou Vélo;OUI
15;Masculin;63,35;167;78;97;45;45;Pieds ou Vélo;OUI
14;Masculin;41,45;153;64;85.5;39;40;Pieds ou Vélo;OUI
17;Masculin;50,3;163;70.5;86;39;41;Pieds ou Vélo;OUI
17;Féminin;55,75;163;72;102;38;39;Pieds ou Vélo;NON
23;Féminin;69,6;177;77;95;46;41;Pieds ou Vélo;OUI
15;Masculin;57,5;166.5;74;93.5;42;41;Pieds ou Vélo;OUI
4;Masculin;15,4;99.5;52.5;55;28;29;Pieds ou Vélo;OUI
7;Masculin;20,1;122;54.4;61.3;30;32;Pieds ou Vélo;OUI
3;Féminin;17,1;99;56.37;62;28;28;Pieds ou Vélo;OUI
7;Féminin;21,55;115.5;57;68;30;31;Pieds ou Vélo;OUI
10;Féminin;34,9;149;68;74;33;37;Pieds ou Vélo;OUI
11;Féminin;26,9;139;57;72;33;36;Pieds ou Vélo;OUI
12;Féminin;45,7;157;63;82.5;41;37;Pieds ou Vélo;NON
13;Féminin;39,65;151;63;81.5;42;37;Pieds ou Vélo;OUI
2;Féminin;9,5;75;53;58.5;44;24;Pieds ou Vélo;OUI
18;Féminin;63,3;172;80.5;102;44.5;41;Voiture ou Moto;OUI
17;Féminin;54,5;160;73;95;40;38;Voiture ou Moto;OUI
18;Féminin;40;145;61;78;41;38;Pieds ou Vélo;NON
23;Féminin;60,91;168;76;91.50;45;38;Pieds ou Vélo;NON
27;Masculin;66,05;177;73;91;50;43;Voiture ou Moto;OUI
21;Féminin;39,05;155;63;75.50;45;37;Pieds ou Vélo;NON
22;Féminin;70,55;156;83;101.50;48;39;Pieds ou Vélo;NON
21;Masculin;72,1;183;76;95;51;45;Pieds ou Vélo;OUI
18;Masculin;63,9;172;75;93;54;41;Voiture ou Moto;OUI
29;Féminin;75,05;158;85.50;103.60;47;43;Voiture ou Moto;NON
18;Masculin;46,75;164;66;80;47;43;Voiture ou Moto;NON
20;Féminin;56,95;161;77;90;45;40;Pieds ou Vélo;NON
21;Féminin;56,95;160;76;92.30;45;39;Pieds ou Vélo;NON
18;Masculin;55,7;169;69;88;49;42;Pieds ou Vélo;OUI
15;Masculin;52,6;167;72;91;42;41;Pieds ou Vélo;OUI
19;Féminin;54,4;157;69.50;88;43;40;Pieds ou Vélo;NON
18;Féminin;53,6;156;71;81;42;40;Pieds ou Vélo;NON
9;Féminin;27,25;133;55;65.60;34;34;Pieds ou Vélo;NON
11;Masculin;29,35;142;60;74;36;36;Pieds ou Vélo;OUI
18;Masculin;54,7;157;70;87.50;48;43;Pieds ou Vélo;OUI
6;Féminin;16,55;117;47;54;32;24;Pieds ou Vélo;NON
11;Masculin;30,35;139;61;73;37;36;Pieds ou Vélo;OUI
14;Masculin;37,15;150;62.50;74.50;36;40;Pieds ou Vélo;NON
22;Féminin;56,85;160;75;92.50;45;40;Pieds ou Vélo;NON
12;Féminin;44,65;154;72;83;40;41;Pieds ou Vélo;NON
19;Masculin;75,35;172;82;100;53;42;Pieds ou Vélo;NON
18;Féminin;58,35;152;78;93;45;39;Voiture ou Moto;NON
13;Féminin;46,5;166;66.5;88;40.5;39;Pieds ou Vélo;OUI
16;Féminin;68;160;81.50;102.60;46;40;Pieds ou Vélo;NON
9;Masculin;36,75;141;64;76;40;38;Pieds ou Vélo;NON
18;Masculin;63,25;178;68;99.80;49;42;Pieds ou Vélo;OUI
18;Masculin;50,45;160;65.50;85.50;46;42;Pieds ou Vélo;NON
19;Féminin;53,8;156;69;74;43;39;Voiture ou Moto;NON
22;Féminin;67,65;165;76;95;44;39;Pieds ou Vélo;OUI
18;Féminin;50,85;162;68;88.40;43;39;Pieds ou Vélo;OUI
19;Féminin;52,8;155;69;93.50;44;38;Pieds ou Vélo;OUI
22;Masculin;65,25;164;76;90;49;43;Pieds ou Vélo;NON
18;Féminin;48,5;160;64;86;45;40;Voiture ou Moto;NON
24;Féminin;90,3;160;101;117.50;45;38;Pieds ou Vélo;NON
19;Masculin;54,9;170;70.30;91;48;38;Pieds ou Vélo;NON
19;Féminin;54,9;162;64;87;45;41;Voiture ou Moto;NON
18;Féminin;57,7;161;75;97;44;38;Pieds ou Vélo;NON
9;Masculin;28,2;131;58;68;34;27;Pieds ou Vélo;NON
11;Masculin;36,05;150;61;70;44;38;Pieds ou Vélo;NON
18;Féminin;72,2;165;78;103;49;41;Voiture ou Moto;NON
9;Masculin;31,15;144;57;67;42;39;Pieds ou Vélo;NON
22;Féminin;48,6;163;70;85;47;39;Pieds ou Vélo;OUI
22;Féminin;62,45;150;84;104;45;37;Pieds ou Vélo;NON
21;Féminin;54;157;68;85;39;38;Pieds ou Vélo;OUI
20;Féminin;44,25;160;69;83.40;44;38;Pieds ou Vélo;NON
25;Féminin;56,45;158;75;98;42;38;Voiture ou Moto;NON
12;Masculin;41,6;150;67;80.50;47;45;Pieds ou Vélo;NON
15;Féminin;49,35;155;73;94;40;38;Pieds ou Vélo;OUI
16;Féminin;46,35;156.5;67;85;40;38;Pieds ou Vélo;NON
15;Féminin;43,6;159.5;74;88;40;38;Pieds ou Vélo;OUI
10;Féminin;30,3;137;64;78;34;35;Pieds ou Vélo;OUI
14;Féminin;43,9;149;74;89;39;37;Pieds ou Vélo;OUI
19;Masculin;58,9;169;82;90;49;42;Pieds ou Vélo;OUI
14;Féminin;38,4;153.5;65;79;40;39;Pieds ou Vélo;OUI
17;Féminin;56;159.5;80.5;96;46;41;Pieds ou Vélo;NON
23;Masculin;71,2;180;80;98;48;45;Voiture ou Moto;OUI
20;Féminin;51,25;157;72;91;40;37;Voiture ou Moto;NON
21;Masculin;61,3;162;82;101;47;41;Voiture ou Moto;OUI
10;Masculin;23,6;128;56;65;33;32;Pieds ou Vélo;NON
12;Masculin;26,55;136;57;64;32;37;Pieds ou Vélo;OUI
12;Masculin;44,35;135.5;56;64;38;37;Pieds ou Vélo;OUI
10;Féminin;21,55;124.5;57;66;30;33;Pieds ou Vélo;OUI
13;Féminin;30,85;140.5;65;73;36;38;Pieds ou Vélo;OUI
13;Masculin;32,6;146.5;62;71;38;38;Voiture ou Moto;OUI
11;Masculin;28,45;137;57;66.70;37;33;Pieds ou Vélo;NON
22;Féminin;71,75;166;78;93.50;45;40;Voiture ou Moto;NON
25;Masculin;58,35;170;70.50;86.50;45;42;Pieds ou Vélo;OUI
11;Masculin;29,9;140;55;67;41;36;Pieds ou Vélo;NON
21;Féminin;61,5;165;70;100;47;39;Voiture ou Moto;NON
34;Masculin;81,25;187;84;102;44;44;Voiture ou Moto;NON
28;Masculin;51,4;160;67;81.50;43;42;Voiture ou Moto;NON
19;Féminin;62,95;160;78;98;45;39;Voiture ou Moto;NON
23;Féminin;64;162;73;99;48;38;Voiture ou Moto;NON
20;Féminin;40,1;152;60;73;44;39;Pieds ou Vélo;NON
23;Féminin;66,35;137;71;81;44;41;Voiture ou Moto;NON
10;Masculin;28,2;134;57.5;64;36;35;Pieds ou Vélo;OUI
15;Féminin;60,75;168;76;98;44;42;Voiture ou Moto;NON
41;Féminin;83,1;165;99.50;110;51;40;Voiture ou Moto;NON
14;Féminin;45,95;154;67.70;78.50;41;38;Voiture ou Moto;NON
14;Féminin;51,95;161;68;77.50;47;39;Voiture ou Moto;NON
10;Féminin;41,8;158;66.50;77;38;38;Pieds ou Vélo;OUI
14;Masculin;56,15;163;66;85;46;40;Voiture ou Moto;NON
9;Féminin;59,8;147;85;90;46;34;Voiture ou Moto;NON
7;Masculin;31,9;134;60;71.40;38;38;Voiture ou Moto;NON
22;Féminin;51,55;161;71;94;48;38;Voiture ou Moto;NON
16;Masculin;49,15;160;63;79.50;44;41;Pieds ou Vélo;OUI
19;Féminin;46,4;161;64.50;82;46;39;Voiture ou Moto;NON
19;Féminin;46,4;161;64.50;82;46;39;Voiture ou Moto;NON
16;Féminin;50,85;160;71.50;79.50;46;39;Pieds ou Vélo;NON
17;Féminin;60,8;161;72;89;47;41;Pieds ou Vélo;NON
6;Féminin;18,05;112;53;59;32;28;Pieds ou Vélo;NON
21;Masculin;68,5;171;94.50;90.50;46;42;Pieds ou Vélo;NON
15;Masculin;39,8;150;62;76;43;39;Pieds ou Vélo;NON
12;Féminin;32,15;146;56.50;65;42;35;Voiture ou Moto;NON
13;Masculin;32,15;135;61.50;72;39;37;Pieds ou Vélo;NON
25;Féminin;69,4;163;87.50;92.50;43;41;Pieds ou Vélo;NON
23;Féminin;56,55;158;77.50;87.50;46;40;Pieds ou Vélo;NON
8;Féminin;23,35;120;59.50;63;38;30;Pieds ou Vélo;NON
14;Féminin;40,9;156;63.50;79.50;47;38;Pieds ou Vélo;NON
64;Masculin;67,6;167;88;94;51;41;Voiture ou Moto;OUI
15;Féminin;40,15;160;60;67;44;40;Pieds ou Vélo;NON
26;Masculin;73,95;190;79.80;77.70;51;45;Voiture ou Moto;NON
15;Féminin;53,25;160;69.50;88;44;38;Pieds ou Vélo;NON
15;Féminin;54,35;165;62.50;90.40;45;40;Pieds ou Vélo;OUI
14;Féminin;47,25;152;63;85;42;30;Pieds ou Vélo;NON
15;Masculin;54,25;165;69;88;45;43;Voiture ou Moto;OUI
27;Féminin;60,1;160;87;100.50;47;44;Pieds ou Vélo;NON
15;Féminin;42,75;150;65.50;80.70;47;42;Pieds ou Vélo;NON
17;Féminin;49,45;160;66;82;43;39;Pieds ou Vélo;NON
11;Masculin;28,1;137;56;65;41;36;Pieds ou Vélo;OUI
19;Masculin;57,75;169;74;95;47;45;Voiture ou Moto;NON
14;Féminin;45,1;155;70;88;37;37;Voiture ou Moto;NON
19;Masculin;62,35;181.5;77;88;48;45;Pieds ou Vélo;OUI
20;Féminin;39,5;164;59;79;37;38;Voiture ou Moto;OUI
18;Masculin;139,1;170;141;142;59;45;Voiture ou Moto;NON
19;Masculin;54,35;171.5;79;86;42;45;Pieds ou Vélo;OUI
41;Masculin;77,75;164;99;108;46;43;Voiture ou Moto;OUI
26;Masculin;59,15;162;79;91;46;40;Voiture ou Moto;OUI
20;Féminin;66,5;176;73;104;38;41;Voiture ou Moto;OUI
24;Masculin;72,5;173;79;103.5;44;43;Voiture ou Moto;OUI
22;Féminin;59,85;158;80;100;40;39;Voiture ou Moto;NON
20;Féminin;51,55;158;74;100;40;39;Pieds ou Vélo;NON
18;Féminin;47,35;165;68;93;41.5;38;Pieds ou Vélo;OUI
22;Masculin;55,85;179;105;113;55;45;Voiture ou Moto;OUI
19;Masculin;67,8;174.5;73;95.5;44;45;Voiture ou Moto;OUI
10;Masculin;33,45;141;61;78;40;40;Pieds ou Vélo;OUI
12;Masculin;29,7;132;60;73;36;35;Pieds ou Vélo;OUI
11;Masculin;31,1;138;64;76;36;40;Pieds ou Vélo;OUI
16;Masculin;59,15;176;74;94;44;44;Pieds ou Vélo;OUI
12;Masculin;35,3;148;61;81;37;40;Pieds ou Vélo;OUI
13;Masculin;46,2;161;67;83;38;43;Pieds ou Vélo;OUI
13;Masculin;35,65;146;65;74;39;36;Pieds ou Vélo;OUI
5;Féminin;17,55;106;52;59.5;30;33;Pieds ou Vélo;OUI
12;Masculin;31,25;136;61;72;37;38;Pieds ou Vélo;OUI
19;Féminin;55,75;166;71;97;39;40;Pieds ou Vélo;OUI
17;Féminin;64,8;163;74;105;44;40;Pieds ou Vélo;NON
16;Féminin;60,3;161;79;98.5;41;40;Pieds ou Vélo;NON
30;Masculin;60,05;160.5;83.5;90;40;40;Pieds ou Vélo;NON
5;Féminin;14,9;104;56.5;60;30;27;Pieds ou Vélo;OUI
10;Féminin;34,4;141;59;78.4;37;37;Pieds ou Vélo;OUI
9;Masculin;23,85;121;60.5;66.5;33;35;Pieds ou Vélo;OUI
18;Féminin;55,7;162;73.5;98;41;39;Pieds ou Vélo;NON
16;Féminin;54,6;170;73;92;40;41;Pieds ou Vélo;OUI
19;Féminin;58,6;162.5;75;88;42;40;Pieds ou Vélo;OUI
13;Féminin;39,8;159;62.5;84;39;40;Pieds ou Vélo;NON
13;Féminin;50,45;159.5;73.4;93;43;40;Pieds ou Vélo;NON
19;Masculin;59,25;164;78;95.5;49;41;Pieds ou Vélo;OUI
17;Féminin;97,73;160;103.4;129.3;50;41;Pieds ou Vélo;NON
22;Féminin;48,75;161;79;99;43;40;Pieds ou Vélo;NON
26;Masculin;56,05;165;73;84;47;43;Pieds ou Vélo;NON
26;Masculin;44;156;67;81;42;40;Voiture ou Moto;NON
23;Masculin;61,5;170;73;89;47;40;Voiture ou Moto;OUI
20;Masculin;51,2;163;65;79;45;41;Pieds ou Vélo;OUI
26;Masculin;62,4;170;70.50;89;45;42;Pieds ou Vélo;OUI
20;Masculin;61;171;68;85;49;43;Pieds ou Vélo;OUI
22;Masculin;56,4;175;67;82;49;43;Pieds ou Vélo;OUI
21;Masculin;55,05;160;71;85;47;41;Pieds ou Vélo;OUI
24;Masculin;80,5;175;87;96.50;55;45;Pieds ou Vélo;OUI
21;Masculin;46,5;167;67.50;80;46;41;Pieds ou Vélo;OUI
22;Masculin;66,5;180;72;89;48;42;Pieds ou Vélo;OUI
21;Masculin;52,95;161;66;84;49;42;Voiture ou Moto;OUI
14;Masculin;47,35;164;67;87;41;45;Pieds ou Vélo;OUI
15;Masculin;51,25;163;70.5;89;46;41;Pieds ou Vélo;OUI
15;Féminin;45,4;165;67;90;38;40;Voiture ou Moto;OUI
17;Masculin;52,05;166.5;68.05;86;47;40;Pieds ou Vélo;OUI
10;Masculin;29,6;144;60.5;73;35;38;Voiture ou Moto;NON
13;Masculin;32,2;143.5;62;75.5;37;38;Voiture ou Moto;OUI
12;Masculin;32,2;142;61;76.5;35;34;Pieds ou Vélo;OUI
13;Féminin;38,15;153;61.5;85;39;33;Pieds ou Vélo;OUI
9;Masculin;27,32;126.5;59.5;72;35;36;Pieds ou Vélo;OUI
11;Masculin;35,6;148;65;75.5;40;40;Pieds ou Vélo;OUI
15;Féminin;56,1;161.5;68.5;100;43;40;Pieds ou Vélo;OUI
10;Féminin;24,1;130.5;62;65;35;38;Pieds ou Vélo;OUI
8;Féminin;24,9;126;59;71;34;36;Pieds ou Vélo;OUI
14;Féminin;34,9;146;62;78;37;37;Pieds ou Vélo;OUI
18;Féminin;50,1;158;68.5;77.5;38.5;39;Pieds ou Vélo;OUI
11;Féminin;29,35;138.2;55.5;75;40;38;Pieds ou Vélo;OUI
8;Masculin;20,1;118.2;56;62.5;32;32;Pieds ou Vélo;OUI
3;Féminin;13,2;89;51.5;57;26;27;Pieds ou Vélo;OUI
15;Masculin;50,05;165;67;85;46;40;Pieds ou Vélo;OUI
23;Masculin;71,85;180;74;97;51;45;Pieds ou Vélo;OUI
14;Masculin;37,95;148;62;75;44;40;Pieds ou Vélo;OUI
31;Féminin;64,95;165;81;96;50;40;Voiture ou Moto;NON
25;Masculin;63,25;163;76;92;48;43;Pieds ou Vélo;OUI
20;Féminin;61,7;159;79;95;47;40;Pieds ou Vélo;NON
25;Masculin;62,2;170;74;89;50;45;Voiture ou Moto;OUI
22;Féminin;53,3;159;70;91;50;40;Pieds ou Vélo;NON
19;Masculin;63,05;172;76;81.50;53;43;Pieds ou Vélo;OUI
22;Masculin;53;172;69;84.50;52;43;Pieds ou Vélo;NON
22;Féminin;79,1;150;97;113;52;38;Pieds ou Vélo;NON
22;Masculin;55,1;170;66;84;51;42;Pieds ou Vélo;OUI
18;Féminin;54,15;155;69;79;42;38;Pieds ou Vélo;NON
22;Masculin;55,9;177;66.50;87;45;41;Voiture ou Moto;OUI
19;Féminin;55,35;167;68;82;44;42;Voiture ou Moto;NON
16;Masculin;51,9;162;68;86;45;39;Voiture ou Moto;NON
17;Féminin;53,6;158;68;88;44;39;Voiture ou Moto;NON
21;Masculin;68,9;185;78;98;48;46;Pieds ou Vélo;NON
23;Masculin;59,8;170;68.50;81;50;42;Pieds ou Vélo;NON
18;Masculin;61,8;173;73;89;50;36;Pieds ou Vélo;NON
20;Féminin;39,95;153;64;88.5;42;37;Voiture ou Moto;NON
26;Masculin;51,75;165;66;80;46;40;Pieds ou Vélo;OUI
12;Féminin;52,35;161;66;87.50;47;42;Pieds ou Vélo;NON
17;Masculin;57,9;165;70.50;83;50;42;Pieds ou Vélo;NON
22;Masculin;48;166;62;77.50;49;27;Pieds ou Vélo;OUI
22;Féminin;75;162;82;100;48;40;Voiture ou Moto;NON
21;Masculin;61;161;74;88;41;41;Pieds ou Vélo;NON
20;Féminin;59,45;161;76;85;47;40;Pieds ou Vélo;NON
15;Féminin;48,6;148;70;83;44;37;Voiture ou Moto;NON
11;Féminin;43,45;148;70.5;89;38;38;Voiture ou Moto;OUI
18;Féminin;49,5;154;64;78;42;38;Pieds ou Vélo;OUI
22;Masculin;72,3;175;76.50;97;53;42;Pieds ou Vélo;OUI
26;Féminin;72,3;168;78;98;42;39;Voiture ou Moto;OUI
21;Féminin;77,7;170;89;108;50;42;Pieds ou Vélo;NON
23;Masculin;54;170;70.5;92;44;41;Pieds ou Vélo;NON
21;Masculin;58,55;175;70;86;45;40;Pieds ou Vélo;NON
21;Masculin;58,55;175;70;86;45;40;Pieds ou Vélo;NON
22;Masculin;50,95;170.5;69;76.5;42;41;Pieds ou Vélo;NON
10;Féminin;23,95;132;51;65;33;34;Pieds ou Vélo;NON
24;Féminin;73,15;166;84;104;42;32;Voiture ou Moto;OUI
23;Masculin;59,37;175;72.50;85;50;43;Pieds ou Vélo;OUI
26;Masculin;63,6;177;72;87.50;50;41;Voiture ou Moto;NON
21;Masculin;51,5;170;77.50;88;40;39;Pieds ou Vélo;OUI
20;Masculin;63,6;196.5;70;85;48;44;Pieds ou Vélo;NON
27;Féminin;45,75;162;63;77;41;39;Voiture ou Moto;NON
23;Masculin;59,9;175;69;80;52;42;Pieds ou Vélo;OUI
19;Féminin;50,6;171.5;66;79.5;43;40;Pieds ou Vélo;NON
30;Féminin;73,85;162;83;98;49;40;Voiture ou Moto;OUI
27;Masculin;97,95;162;75;85;46;41;Voiture ou Moto;OUI
22;Féminin;55,9;165;67;87;45;39;Voiture ou Moto;NON
9;Féminin;26;137;52;59;38;34;Voiture ou Moto;NON
21;Masculin;61,45;171;72;88;50;42;Pieds ou Vélo;OUI
15;Féminin;51;169.5;68;90.5;35;38;Pieds ou Vélo;OUI
19;Masculin;66,9;173;71.50;94;51;43;Pieds ou Vélo;NON
16;Féminin;56;146.5;76;105.5;40;37;Pieds ou Vélo;NON
13;Féminin;32,15;144;60.4;77.5;37;32;Pieds ou Vélo;OUI
10;Féminin;27,5;127.5;60.5;79;33;32;Pieds ou Vélo;OUI
4;Féminin;13,75;96.5;53.5;54;29;24;Pieds ou Vélo;OUI
8;Féminin;23,2;119.5;58.5;68;35;33;Pieds ou Vélo;OUI
8;Féminin;22,65;126;55;64;30;36;Pieds ou Vélo;OUI
35;Masculin;91,15;169;104;110.5;45;45;Voiture ou Moto;NON
9;Féminin;25,95;137;60;68;34;33;Pieds ou Vélo;NON
15;Féminin;47,85;161;67;92;36;39;Voiture ou Moto;OUI
16;Féminin;52,25;162;74;92;42;40;Voiture ou Moto;NON
16;Féminin;64,75;172;80;103;45;42;Voiture ou Moto;OUI
21;Masculin;56,25;173;75;91.5;46;41;Voiture ou Moto;NON
20;Féminin;94,5;187;108;120;46;47;Pieds ou Vélo;NON
13;Masculin;41,7;151.5;71;82.8;41;41;Pieds ou Vélo;OUI
11;Féminin;42;154;62;67;42;40;Pieds ou Vélo;NON
35;Masculin;68,35;175;80;91;50;42;Voiture ou Moto;NON
20;Masculin;45,95;163;63;83;46;40;Pieds ou Vélo;OUI
15;Masculin;47,85;165;69;79;45;40;Pieds ou Vélo;OUI
18;Masculin;45,7;161;66;84;43;42;Pieds ou Vélo;OUI
23;Masculin;53,1;173;69;79.50;47;44;Voiture ou Moto;OUI
7;Féminin;25,45;126;59;63;33;33;Pieds ou Vélo;NON
21;Masculin;53,15;170;68;87.50;50;44;Pieds ou Vélo;OUI
20;Masculin;60,65;168;70;98;45;44;Pieds ou Vélo;OUI
21;Masculin;54,55;170;67;84;48;42;Pieds ou Vélo;OUI
10;Féminin;25,05;127;57;65;39;34;Pieds ou Vélo;NON
4;Féminin;18,8;110;55;58;34;28;Voiture ou Moto;NON
21;Féminin;40,75;155;61;78;38;37;Pieds ou Vélo;OUI
23;Masculin;50,05;171;66;81;45;40;Pieds ou Vélo;OUI
24;Féminin;49,6;158;65;80;45;38;Voiture ou Moto;NON
25;Masculin;56,55;175;69;82;45;42;Voiture ou Moto;OUI
22;Masculin;62,95;162;74;90;49;42;Pieds ou Vélo;OUI
22;Féminin;44,6;149;66;88;45;37;Voiture ou Moto;NON
17;Masculin;57,65;172;79;90;48;48;Pieds ou Vélo;OUI
38;Féminin;67,8;153;91;106;47;38;Voiture ou Moto;NON
13;Féminin;60;163;80;89;49;40;Pieds ou Vélo;NON
28;Masculin;56,7;170;70.50;88;49;45;Pieds ou Vélo;NON
28;Masculin;58;173;73;88;47;44;Pieds ou Vélo;NON
16;Féminin;49,9;156;69;87;44;38;Voiture ou Moto;OUI
26;Féminin;62,55;160;85;93;42;38;Voiture ou Moto;NON
29;Féminin;56,85;155;79;98.5;39;39;Voiture ou Moto;NON
25;Masculin;47,9;167;63;78;48;42;Pieds ou Vélo;OUI
9;Masculin;31,2;141;63;69;43;39;Voiture ou Moto;OUI
20;Féminin;41,5;158;67;82;38;38;Pieds ou Vélo;OUI
20;Féminin;60,45;154;74;97;42;39;Pieds ou Vélo;NON
25;Masculin;68,1;182;78;94;45;44;Voiture ou Moto;OUI
24;Masculin;60,95;163;71;81.50;46;41;Pieds ou Vélo;OUI
29;Masculin;79,35;175;87;97;47;42;Voiture ou Moto;NON
25;Masculin;65,45;166;75;84;48;39;Pieds ou Vélo;OUI
29;Féminin;76,45;163;93;109;45;40;Pieds ou Vélo;NON
28;Masculin;51,5;168;68;81;46;41;Voiture ou Moto;OUI
19;Féminin;55;158;66;86;44;40;Pieds ou Vélo;NON
24;Masculin;60,1;163;77;85;46;40;Voiture ou Moto;NON
24;Masculin;68,35;172;76;94;53;44;Pieds ou Vélo;NON
19;Masculin;49,05;168;68.50;81;48;40;Pieds ou Vélo;NON
23;Masculin;61,85;168;73;87;48;41;Pieds ou Vélo;OUI
20;Masculin;63,05;161;69;87;46;43;Pieds ou Vélo;OUI
19;Féminin;53,7;151;71;80;48;39;Pieds ou Vélo;NON
23;Masculin;59,05;167;71;85;50;41;Pieds ou Vélo;OUI
29;Masculin;66,4;168;81;88;49;41;Pieds ou Vélo;OUI
